name_exact,name_cosine,brand_exact,brand_cosine,type_exact,type_cosine,quantity_exact,quantity_cosine,unit_of_measurement_exact,unit_of_measurement_cosine,okdp2_code_exact,okdp2_code_cosine,novelty_info_exact,novelty_info_cosine,application_area_exact,application_area_cosine,technical_requirements_exact,technical_requirements_cosine,transportation_requirements_exact,transportation_requirements_cosine,storage_requirements_exact,storage_requirements_cosine,exact_mean,cosine_mean,filename
1.0,1.0000000000000009,1.0,1.0000000000000009,1.0,1.0000000000000007,1.0,1.0000000000000009,1.0,1.0000000000000007,1.0,1.0000000000000009,1.0,1.0000000000000009,1.0,1.0,0.0,0.9763611518977005,0.0,0.9713397139390205,0.0,0.9629515234380341,0.7272727272727273,0.9918774899340693,003.json
1.0,1.0000000000000009,1.0,1.0000000000000009,1.0,1.0000000000000007,1.0,1.0000000000000009,1.0,1.0000000000000007,1.0,1.0000000000000009,1.0,1.0000000000000009,1.0,1.0,0.0,0.9763611518977005,0.0,0.9713397139390205,0.0,0.9629515234380341,0.7272727272727273,0.9918774899340693,overall_mean
