name_exact,name_cosine,brand_exact,brand_cosine,quantity_exact,quantity_cosine,unit_of_measurement_exact,unit_of_measurement_cosine,okdp2_code_exact,okdp2_code_cosine,application_area_exact,application_area_cosine,operating_conditions_exact,operating_conditions_cosine,technical_requirements_exact,technical_requirements_cosine,configuration_exact,configuration_cosine,acceptance_rules_exact,acceptance_rules_cosine,transportation_requirements_exact,transportation_requirements_cosine,storage_requirements_exact,storage_requirements_cosine,type_exact,type_cosine,novelty_info_exact,novelty_info_cosine,exact_mean,cosine_mean,filename
0.0,0.8951228514048142,1.0,1.0000000000000009,1.0,1.0000000000000009,1.0,1.0000000000000002,1.0,1.0000000000000007,1.0,1.0000000000000004,0.0,0.97455648612078,0.0,0.8747567314035695,0.0,0.9640822878581414,0.0,0.9440641274475172,0.0,0.9886106242018005,0.0,0.9611294422213583,,,,,0.4166666666666667,0.966860212554832,001.json
1.0,1.0000000000000009,1.0,1.0000000000000009,1.0,1.0000000000000009,1.0,1.0000000000000007,1.0,1.0000000000000009,1.0,1.0,,,0.0,0.7860951238492424,,,,,0.0,0.9993725577757216,,,0.0,0.844337968568396,1.0,1.0000000000000009,0.7,0.9629805650193365,003.json
0.0,0.975669136346812,,,1.0,1.0000000000000009,1.0,1.0000000000000007,1.0,1.0000000000000009,0.0,0.8634279635346748,0.0,0.8779190912207486,0.0,0.9762950107253032,0.0,0.9243009574519288,,,0.0,0.9882764537830708,0.0,0.98457620759941,0.0,0.8160487370372775,0.0,0.9816436884078927,0.25,0.9490131038422601,002.json
0.0,0.9456167590124045,0.0,0.8676425470625705,1.0,1.0000000000000004,1.0,1.0000000000000013,1.0,1.0000000000000009,1.0,1.0000000000000009,0.0,0.9980654327075718,0.0,0.9710974875735554,,,,,0.0,0.9901721612160517,0.0,0.9863954508087963,,,0.0,0.9618180552937556,0.36363636363636365,0.9746188994249736,005.json
1.0,1.0000000000000004,1.0,1.0000000000000009,1.0,1.0000000000000009,1.0,1.0000000000000002,,,,,,,,,,,,,,,,,1.0,1.0000000000000009,,,1.0,1.0000000000000004,004.json
0.4,0.9632817493528062,0.75,0.9669106367656433,1.0,1.0000000000000009,1.0,1.0000000000000007,1.0,1.0000000000000009,0.75,0.965856990883669,0.0,0.9501803366830335,0.0,0.9020610883879177,0.0,0.9441916226550351,0.0,0.9440641274475172,0.0,0.9916079492441612,0.0,0.9773670335431882,0.3333333333333333,0.8867955685352248,0.3333333333333333,0.9811539145672165,0.5460606060606061,0.9706945561682805,overall_mean
