name_exact,name_cosine,brand_exact,brand_cosine,quantity_exact,quantity_cosine,unit_of_measurement_exact,unit_of_measurement_cosine,novelty_info_exact,novelty_info_cosine,application_area_exact,application_area_cosine,technical_requirements_exact,technical_requirements_cosine,transportation_requirements_exact,transportation_requirements_cosine,exact_mean,cosine_mean,filename
1.0,1.0000000000000009,1.0,1.0000000000000009,1.0,1.0000000000000009,1.0,1.0000000000000007,1.0,1.0000000000000009,1.0,1.0,0.0,0.8490899409455975,0.0,0.9993725577757216,0.75,0.9810578123401654,003.json
1.0,1.0000000000000009,1.0,1.0000000000000009,1.0,1.0000000000000009,1.0,1.0000000000000007,1.0,1.0000000000000009,1.0,1.0,0.0,0.8490899409455975,0.0,0.9993725577757216,0.75,0.9810578123401654,overall_mean
